Month,Week,Day,Date,Time,UID
January,02,Tuesday,2025-01-14,07:27:49,3C41E9F5
March,11,Wednesday,2025-03-19,12:10:44,23FF6AAD
March,11,Wednesday,2025-03-19,07:30:31,9F83C475
February,08,Tuesday,2025-02-25,22:41:14,B7D8A621
March,11,Friday,2025-03-21,08:02:37,AA6A06B0
January,04,Tuesday,2025-01-28,19:30:30,76A2D0BE
January,02,Wednesday,2025-01-15,21:51:42,5F9E2C14
February,07,Sunday,2025-02-16,21:59:51,76A2D0BE
March,11,Tuesday,2025-03-18,18:23:28,76A2D0BE
March,12,Saturday,2025-03-29,08:26:36,9F83C475
January,01,Saturday,2025-01-11,12:51:16,9F83C475
March,11,Monday,2025-03-17,09:11:07,AA6A06B0
April,15,Thursday,2025-04-17,10:32:22,B7D8A621
February,08,Sunday,2025-02-23,10:57:05,B7D8A621
April,13,Friday,2025-04-04,08:30:45,AA6A06B0
February,06,Thursday,2025-02-13,21:54:40,B7D8A621
January,00,Thursday,2025-01-02,20:38:40,76A2D0BE
February,05,Monday,2025-02-03,09:41:22,AA6A06B0
March,11,Sunday,2025-03-16,13:02:27,B7D8A621
January,00,Saturday,2025-01-04,20:45:52,12E5B94D
January,03,Thursday,2025-01-23,09:40:44,B7D8A621
April,13,Friday,2025-04-04,09:00:39,B7D8A621
January,00,Thursday,2025-01-02,20:38:28,76A2D0BE
March,12,Saturday,2025-03-29,17:34:44,12E5B94D
February,08,Wednesday,2025-02-26,06:16:19,AA6A06B0
March,10,Monday,2025-03-10,09:10:49,3C41E9F5
January,04,Friday,2025-01-31,18:22:27,76A2D0BE
January,04,Monday,2025-01-27,19:16:40,3C41E9F5
February,08,Sunday,2025-02-23,16:54:43,5F9E2C14
April,13,Saturday,2025-04-05,13:18:39,B7D8A621
February,05,Tuesday,2025-02-04,18:14:42,76A2D0BE
March,10,Tuesday,2025-03-11,17:48:53,76A2D0BE
February,07,Saturday,2025-02-22,22:00:14,B7D8A621
February,06,Friday,2025-02-14,09:20:43,9F83C475
March,12,Tuesday,2025-03-25,14:57:47,B7D8A621
January,02,Thursday,2025-01-16,11:30:56,AA6A06B0
January,03,Tuesday,2025-01-21,15:40:18,5F9E2C14
January,04,Friday,2025-01-31,16:00:31,5F9E2C14
March,13,Monday,2025-03-31,21:05:26,B7D8A621
January,02,Wednesday,2025-01-15,21:05:33,B7D8A621
March,12,Saturday,2025-03-29,17:34:31,12E5B94D
February,05,Saturday,2025-02-08,11:49:33,12E5B94D
March,09,Wednesday,2025-03-05,19:58:47,B7D8A621
March,10,Saturday,2025-03-15,20:54:47,23FF6AAD
April,14,Friday,2025-04-11,22:10:45,76A2D0BE
February,05,Friday,2025-02-07,13:33:40,AA6A06B0
January,03,Sunday,2025-01-19,17:42:56,23FF6AAD
February,05,Thursday,2025-02-06,16:13:07,12E5B94D
March,09,Wednesday,2025-03-05,07:34:38,AA6A06B0
January,04,Tuesday,2025-01-28,11:52:09,AA6A06B0
January,01,Saturday,2025-01-11,12:51:04,12E5B94D
January,00,Saturday,2025-01-04,06:52:40,5F9E2C14
March,08,Saturday,2025-03-01,08:18:23,AA6A06B0
March,11,Tuesday,2025-03-18,16:03:53,B7D8A621
January,02,Monday,2025-01-13,13:18:37,AA6A06B0
February,07,Thursday,2025-02-20,06:12:02,9F83C475
February,07,Saturday,2025-02-22,14:47:43,AA6A06B0
March,12,Wednesday,2025-03-26,16:05:36,9F83C475
March,11,Thursday,2025-03-20,21:38:00,5F9E2C14
March,10,Monday,2025-03-10,22:33:14,76A2D0BE
January,00,Thursday,2025-01-02,20:23:30,5F9E2C14
January,02,Monday,2025-01-13,20:35:17,76A2D0BE
March,09,Saturday,2025-03-08,20:38:17,23FF6AAD
April,13,Saturday,2025-04-05,07:50:08,76A2D0BE
February,06,Thursday,2025-02-13,21:53:45,3C41E9F5
January,04,Friday,2025-01-31,12:06:49,B7D8A621
April,15,Saturday,2025-04-19,16:12:38,9F83C475
April,15,Friday,2025-04-18,18:28:57,76A2D0BE
March,10,Monday,2025-03-10,09:10:39,3C41E9F5
February,08,Monday,2025-02-24,19:53:18,12E5B94D
February,07,Tuesday,2025-02-18,10:18:43,B7D8A621
April,13,Wednesday,2025-04-02,16:58:16,5F9E2C14
March,11,Thursday,2025-03-20,18:10:36,12E5B94D
April,13,Friday,2025-04-04,11:46:43,12E5B94D
February,08,Monday,2025-02-24,19:23:57,B7D8A621
April,15,Friday,2025-04-18,06:12:12,12E5B94D
January,03,Wednesday,2025-01-22,06:26:04,B7D8A621
March,11,Monday,2025-03-17,17:44:22,23FF6AAD
March,11,Wednesday,2025-03-19,17:03:41,5F9E2C14
March,09,Saturday,2025-03-08,21:41:41,9F83C475
January,00,Thursday,2025-01-02,20:23:38,5F9E2C14
March,10,Friday,2025-03-14,06:55:07,B7D8A621
January,01,Wednesday,2025-01-08,13:49:07,5F9E2C14
February,08,Wednesday,2025-02-26,15:51:02,12E5B94D
February,05,Saturday,2025-02-08,20:56:29,76A2D0BE
April,15,Sunday,2025-04-13,14:07:48,9F83C475
January,03,Sunday,2025-01-19,11:13:08,B7D8A621
February,06,Sunday,2025-02-09,11:16:37,5F9E2C14
March,09,Wednesday,2025-03-05,19:58:45,B7D8A621
March,13,Sunday,2025-03-30,18:01:56,76A2D0BE
January,01,Wednesday,2025-01-08,20:17:53,76A2D0BE
March,13,Monday,2025-03-31,18:08:05,76A2D0BE
January,02,Saturday,2025-01-18,13:04:16,B7D8A621
February,08,Friday,2025-02-28,20:10:19,5F9E2C14
April,15,Saturday,2025-04-19,11:15:27,23FF6AAD
February,07,Wednesday,2025-02-19,13:33:12,B7D8A621
February,05,Saturday,2025-02-08,21:39:15,23FF6AAD
April,15,Monday,2025-04-14,09:02:31,AA6A06B0
March,09,Saturday,2025-03-08,09:28:25,AA6A06B0
February,08,Thursday,2025-02-27,15:05:05,B7D8A621
February,05,Saturday,2025-02-08,11:49:42,12E5B94D
January,02,Sunday,2025-01-12,13:11:06,9F83C475
February,08,Tuesday,2025-02-25,21:06:18,23FF6AAD
April,15,Wednesday,2025-04-16,13:15:31,B7D8A621
February,06,Thursday,2025-02-13,21:54:32,B7D8A621
March,10,Friday,2025-03-14,17:07:37,23FF6AAD
March,10,Thursday,2025-03-13,21:55:31,5F9E2C14
February,08,Wednesday,2025-02-26,11:11:44,9F83C475
January,03,Tuesday,2025-01-21,15:40:05,5F9E2C14
January,01,Sunday,2025-01-05,07:48:16,AA6A06B0
January,03,Tuesday,2025-01-21,15:00:47,12E5B94D
January,04,Thursday,2025-01-30,09:42:18,AA6A06B0
March,08,Saturday,2025-03-01,16:24:17,B7D8A621
March,09,Saturday,2025-03-08,21:41:49,9F83C475
February,06,Sunday,2025-02-09,06:34:22,3C41E9F5
April,15,Monday,2025-04-14,18:18:16,5F9E2C14
April,15,Wednesday,2025-04-16,13:15:21,B7D8A621
January,02,Sunday,2025-01-12,22:22:36,23FF6AAD
March,12,Saturday,2025-03-29,21:42:44,B7D8A621
January,04,Wednesday,2025-01-29,09:19:51,5F9E2C14
February,07,Monday,2025-02-17,18:33:21,12E5B94D
January,04,Thursday,2025-01-30,22:38:21,5F9E2C14
April,13,Saturday,2025-04-05,08:22:58,AA6A06B0
March,11,Tuesday,2025-03-18,21:29:28,23FF6AAD
April,15,Sunday,2025-04-13,17:13:39,12E5B94D
January,03,Thursday,2025-01-23,07:08:27,12E5B94D
April,15,Friday,2025-04-18,18:28:52,76A2D0BE
April,15,Tuesday,2025-04-15,18:43:53,76A2D0BE
January,00,Friday,2025-01-03,15:15:27,9F83C475
March,13,Sunday,2025-03-30,12:25:19,5F9E2C14
March,12,Sunday,2025-03-23,06:37:05,AA6A06B0
March,09,Tuesday,2025-03-04,06:43:33,AA6A06B0
February,06,Monday,2025-02-10,15:39:56,B7D8A621
March,09,Saturday,2025-03-08,18:34:53,12E5B94D
January,01,Thursday,2025-01-09,13:12:06,5F9E2C14
February,08,Friday,2025-02-28,10:32:10,AA6A06B0
March,11,Friday,2025-03-21,16:52:44,76A2D0BE
January,02,Friday,2025-01-17,08:17:56,AA6A06B0
February,05,Tuesday,2025-02-04,21:33:27,23FF6AAD
March,12,Saturday,2025-03-29,17:34:35,12E5B94D
February,08,Friday,2025-02-28,15:07:54,9F83C475
March,09,Sunday,2025-03-02,13:46:21,B7D8A621
February,05,Friday,2025-02-07,15:08:45,12E5B94D
March,12,Monday,2025-03-24,07:35:07,AA6A06B0
February,05,Sunday,2025-02-02,11:47:24,B7D8A621
January,03,Monday,2025-01-20,09:41:26,AA6A06B0
March,09,Sunday,2025-03-02,18:38:30,76A2D0BE
March,09,Sunday,2025-03-02,13:46:27,B7D8A621
March,11,Thursday,2025-03-20,18:10:23,12E5B94D
March,11,Monday,2025-03-17,17:44:16,23FF6AAD
April,15,Monday,2025-04-14,15:32:48,12E5B94D
April,15,Saturday,2025-04-19,19:07:49,B7D8A621
January,01,Friday,2025-01-10,22:02:34,23FF6AAD
February,04,Saturday,2025-02-01,09:28:37,5F9E2C14
March,12,Wednesday,2025-03-26,19:36:33,12E5B94D
March,09,Sunday,2025-03-02,13:46:20,B7D8A621
January,02,Sunday,2025-01-12,22:22:32,23FF6AAD
January,01,Saturday,2025-01-11,12:51:06,12E5B94D
February,07,Monday,2025-02-17,12:45:24,B7D8A621
April,15,Tuesday,2025-04-15,18:43:51,76A2D0BE
January,04,Sunday,2025-01-26,08:10:58,9F83C475
April,14,Wednesday,2025-04-09,08:52:36,AA6A06B0
February,05,Monday,2025-02-03,15:27:33,5F9E2C14
April,15,Wednesday,2025-04-16,09:04:46,AA6A06B0
March,11,Saturday,2025-03-22,11:42:39,9F83C475
April,14,Friday,2025-04-11,10:57:47,3C41E9F5
March,09,Tuesday,2025-03-04,06:43:14,AA6A06B0
January,04,Tuesday,2025-01-28,14:19:37,B7D8A621
January,01,Tuesday,2025-01-07,09:43:45,B7D8A621
February,06,Sunday,2025-02-09,11:16:31,5F9E2C14
February,05,Monday,2025-02-03,19:41:51,3C41E9F5
February,06,Thursday,2025-02-13,19:54:12,12E5B94D
January,01,Tuesday,2025-01-07,06:18:18,AA6A06B0
February,06,Saturday,2025-02-15,06:42:48,B7D8A621
April,13,Tuesday,2025-04-01,10:59:10,B7D8A621
March,11,Tuesday,2025-03-18,17:34:57,12E5B94D
January,00,Thursday,2025-01-02,17:20:43,3C41E9F5
January,03,Saturday,2025-01-25,22:13:46,B7D8A621
March,11,Friday,2025-03-21,16:52:29,76A2D0BE
April,14,Thursday,2025-04-10,12:42:36,B7D8A621
January,01,Tuesday,2025-01-07,09:43:40,B7D8A621
January,00,Wednesday,2025-01-01,11:52:42,AA6A06B0
March,09,Saturday,2025-03-08,11:28:57,B7D8A621
January,00,Friday,2025-01-03,16:30:01,5F9E2C14
January,02,Saturday,2025-01-18,15:08:41,23FF6AAD
March,12,Friday,2025-03-28,17:43:31,5F9E2C14
April,13,Saturday,2025-04-05,19:27:37,23FF6AAD
March,09,Saturday,2025-03-08,09:28:39,AA6A06B0
January,02,Sunday,2025-01-12,11:29:48,B7D8A621
February,06,Sunday,2025-02-09,11:16:20,5F9E2C14
April,15,Monday,2025-04-14,09:02:22,AA6A06B0
April,15,Saturday,2025-04-19,16:12:36,9F83C475
January,01,Saturday,2025-01-11,16:01:12,3C41E9F5
February,05,Wednesday,2025-02-05,19:58:15,76A2D0BE
March,09,Wednesday,2025-03-05,07:34:39,AA6A06B0
January,01,Friday,2025-01-10,20:56:49,B7D8A621
January,04,Tuesday,2025-01-28,19:30:23,76A2D0BE
January,01,Tuesday,2025-01-07,06:18:23,AA6A06B0
January,04,Tuesday,2025-01-28,10:22:30,12E5B94D
April,15,Thursday,2025-04-17,14:33:36,76A2D0BE
February,05,Wednesday,2025-02-05,18:54:18,B7D8A621
April,14,Sunday,2025-04-06,08:05:37,B7D8A621
February,07,Sunday,2025-02-16,13:34:23,AA6A06B0
March,09,Tuesday,2025-03-04,12:50:22,3C41E9F5
January,04,Thursday,2025-01-30,09:42:38,AA6A06B0
April,15,Monday,2025-04-14,15:32:46,12E5B94D
January,02,Sunday,2025-01-12,17:17:03,76A2D0BE
March,12,Saturday,2025-03-29,08:26:48,9F83C475
February,08,Sunday,2025-02-23,21:36:34,76A2D0BE
January,03,Sunday,2025-01-19,11:13:15,B7D8A621
April,15,Saturday,2025-04-19,07:12:41,5F9E2C14
March,11,Monday,2025-03-17,18:34:23,76A2D0BE
March,12,Wednesday,2025-03-26,16:05:00,9F83C475
March,13,Monday,2025-03-31,06:37:27,AA6A06B0
January,01,Sunday,2025-01-05,10:06:32,B7D8A621
January,02,Friday,2025-01-17,22:07:38,76A2D0BE
February,05,Tuesday,2025-02-04,11:41:50,AA6A06B0
January,01,Monday,2025-01-06,11:18:36,AA6A06B0
April,13,Friday,2025-04-04,21:44:00,76A2D0BE
March,11,Friday,2025-03-21,16:52:37,76A2D0BE
February,07,Sunday,2025-02-16,21:59:59,76A2D0BE
January,02,Tuesday,2025-01-14,17:46:16,12E5B94D
February,04,Saturday,2025-02-01,19:02:19,B7D8A621
January,01,Friday,2025-01-10,16:46:36,5F9E2C14
March,12,Monday,2025-03-24,16:31:15,12E5B94D
January,04,Monday,2025-01-27,19:16:49,3C41E9F5
March,12,Sunday,2025-03-23,19:04:33,76A2D0BE
January,01,Friday,2025-01-10,16:46:26,5F9E2C14
March,11,Saturday,2025-03-22,10:02:58,AA6A06B0
March,09,Saturday,2025-03-08,09:03:54,76A2D0BE
March,10,Wednesday,2025-03-12,09:20:53,AA6A06B0
February,08,Tuesday,2025-02-25,10:24:31,5F9E2C14
February,06,Thursday,2025-02-13,21:54:31,B7D8A621
March,12,Wednesday,2025-03-26,16:05:51,9F83C475
January,00,Friday,2025-01-03,19:25:37,76A2D0BE
January,03,Monday,2025-01-20,14:24:47,B7D8A621
April,14,Friday,2025-04-11,22:10:55,76A2D0BE
January,02,Sunday,2025-01-12,13:11:10,9F83C475
April,13,Friday,2025-04-04,21:44:22,76A2D0BE
January,02,Saturday,2025-01-18,15:08:36,23FF6AAD
February,05,Monday,2025-02-03,15:27:44,5F9E2C14
February,04,Saturday,2025-02-01,12:33:21,9F83C475
March,12,Wednesday,2025-03-26,13:45:53,5F9E2C14
March,10,Monday,2025-03-10,14:39:50,B7D8A621
January,04,Friday,2025-01-31,17:07:40,AA6A06B0
February,05,Thursday,2025-02-06,08:46:16,B7D8A621
April,13,Friday,2025-04-04,08:30:58,AA6A06B0
January,01,Sunday,2025-01-05,11:24:41,12E5B94D
February,08,Friday,2025-02-28,10:32:05,AA6A06B0
March,11,Sunday,2025-03-16,10:23:02,9F83C475
February,06,Friday,2025-02-14,15:51:26,3C41E9F5
February,07,Saturday,2025-02-22,22:43:06,12E5B94D
February,05,Thursday,2025-02-06,14:15:46,5F9E2C14
April,14,Tuesday,2025-04-08,22:03:31,76A2D0BE
January,04,Tuesday,2025-01-28,11:52:15,AA6A06B0
April,14,Saturday,2025-04-12,14:28:55,5F9E2C14
February,06,Friday,2025-02-14,20:39:13,76A2D0BE
January,01,Tuesday,2025-01-07,21:53:45,3C41E9F5
March,09,Wednesday,2025-03-05,07:47:43,9F83C475
January,02,Friday,2025-01-17,08:17:03,AA6A06B0
February,05,Thursday,2025-02-06,12:09:48,AA6A06B0
March,11,Wednesday,2025-03-19,06:36:30,B7D8A621
April,15,Sunday,2025-04-13,10:04:45,B7D8A621
March,11,Monday,2025-03-17,18:34:07,76A2D0BE
April,15,Thursday,2025-04-17,09:06:50,9F83C475
January,03,Sunday,2025-01-19,17:42:49,23FF6AAD
February,07,Sunday,2025-02-16,21:59:03,76A2D0BE
January,01,Wednesday,2025-01-08,09:55:01,B7D8A621
January,02,Tuesday,2025-01-14,10:10:03,AA6A06B0
January,04,Tuesday,2025-01-28,14:19:32,B7D8A621
January,01,Thursday,2025-01-09,13:12:00,5F9E2C14
January,01,Monday,2025-01-06,18:21:38,23FF6AAD
April,13,Thursday,2025-04-03,06:13:34,B7D8A621
January,03,Tuesday,2025-01-21,20:24:52,76A2D0BE
March,12,Saturday,2025-03-29,13:32:37,5F9E2C14
March,08,Saturday,2025-03-01,16:24:14,B7D8A621
April,14,Thursday,2025-04-10,12:42:28,B7D8A621
February,07,Tuesday,2025-02-18,14:03:21,9F83C475
February,05,Monday,2025-02-03,15:27:42,5F9E2C14
January,00,Thursday,2025-01-02,17:20:34,3C41E9F5
January,02,Tuesday,2025-01-14,17:46:08,12E5B94D
March,09,Wednesday,2025-03-05,19:58:40,B7D8A621
March,09,Thursday,2025-03-06,15:19:05,5F9E2C14
March,10,Friday,2025-03-14,15:45:28,9F83C475
March,10,Monday,2025-03-10,14:39:41,B7D8A621
April,15,Sunday,2025-04-13,11:31:12,AA6A06B0
April,14,Wednesday,2025-04-09,17:48:46,B7D8A621
February,07,Thursday,2025-02-20,08:27:17,B7D8A621
April,15,Saturday,2025-04-19,07:12:57,5F9E2C14
March,13,Monday,2025-03-31,07:47:19,9F83C475
April,13,Friday,2025-04-04,20:52:58,23FF6AAD
March,10,Wednesday,2025-03-12,09:20:47,AA6A06B0
February,06,Saturday,2025-02-15,11:55:05,9F83C475
April,13,Thursday,2025-04-03,16:25:32,76A2D0BE
January,03,Thursday,2025-01-23,15:11:33,AA6A06B0
March,11,Monday,2025-03-17,07:47:02,B7D8A621
April,15,Saturday,2025-04-19,11:15:28,23FF6AAD
March,11,Friday,2025-03-21,21:08:32,12E5B94D
March,10,Saturday,2025-03-15,10:36:20,B7D8A621
March,12,Saturday,2025-03-29,21:46:49,76A2D0BE
February,07,Saturday,2025-02-22,22:43:57,12E5B94D
March,10,Monday,2025-03-10,14:39:46,B7D8A621
January,01,Tuesday,2025-01-07,20:23:31,76A2D0BE
February,07,Wednesday,2025-02-19,09:49:27,3C41E9F5
March,09,Thursday,2025-03-06,08:12:25,12E5B94D
February,07,Saturday,2025-02-22,22:43:44,12E5B94D
January,02,Tuesday,2025-01-14,10:10:05,AA6A06B0
January,02,Saturday,2025-01-18,10:44:08,9F83C475
March,13,Sunday,2025-03-30,10:05:44,B7D8A621
April,15,Wednesday,2025-04-16,20:14:52,12E5B94D
April,15,Sunday,2025-04-13,10:04:26,B7D8A621
February,05,Tuesday,2025-02-04,11:41:57,AA6A06B0
April,14,Thursday,2025-04-10,12:42:30,B7D8A621
January,02,Thursday,2025-01-16,09:22:47,B7D8A621
January,04,Tuesday,2025-01-28,14:19:54,B7D8A621
April,15,Wednesday,2025-04-16,15:17:21,5F9E2C14
March,10,Tuesday,2025-03-11,17:48:56,76A2D0BE
April,13,Friday,2025-04-04,21:44:05,76A2D0BE
February,07,Monday,2025-02-17,12:45:22,B7D8A621
March,09,Thursday,2025-03-06,14:54:58,B7D8A621
April,13,Friday,2025-04-04,08:30:05,AA6A06B0
April,14,Thursday,2025-04-10,13:18:09,12E5B94D
April,14,Thursday,2025-04-10,12:42:45,B7D8A621
January,01,Thursday,2025-01-09,06:45:29,B7D8A621
February,05,Sunday,2025-02-02,16:19:08,23FF6AAD
February,06,Friday,2025-02-14,10:40:17,AA6A06B0
February,07,Sunday,2025-02-16,15:57:26,3C41E9F5
February,06,Thursday,2025-02-13,21:53:36,3C41E9F5
February,07,Saturday,2025-02-22,22:43:51,12E5B94D
April,15,Thursday,2025-04-17,19:13:46,3C41E9F5
January,00,Thursday,2025-01-02,17:44:26,9F83C475
April,15,Saturday,2025-04-19,11:15:19,AA6A06B0
January,02,Sunday,2025-01-12,13:20:24,5F9E2C14
March,11,Tuesday,2025-03-18,18:23:20,76A2D0BE
February,05,Wednesday,2025-02-05,19:58:18,76A2D0BE
February,06,Friday,2025-02-14,15:51:16,3C41E9F5
January,04,Sunday,2025-01-26,20:02:30,76A2D0BE
February,06,Friday,2025-02-14,15:51:09,3C41E9F5
January,02,Saturday,2025-01-18,18:09:11,AA6A06B0
January,02,Tuesday,2025-01-14,10:34:04,76A2D0BE
January,04,Thursday,2025-01-30,09:42:08,AA6A06B0
February,05,Thursday,2025-02-06,12:09:50,AA6A06B0
February,06,Saturday,2025-02-15,19:36:47,AA6A06B0
March,12,Saturday,2025-03-29,18:36:25,23FF6AAD
April,14,Friday,2025-04-11,18:21:55,B7D8A621
February,07,Tuesday,2025-02-18,19:32:12,5F9E2C14
March,10,Monday,2025-03-10,22:33:12,76A2D0BE
February,05,Wednesday,2025-02-05,19:58:31,76A2D0BE
January,02,Monday,2025-01-13,13:18:38,AA6A06B0
February,06,Friday,2025-02-14,14:30:33,B7D8A621
March,13,Monday,2025-03-31,06:37:28,AA6A06B0
January,02,Thursday,2025-01-16,09:22:48,B7D8A621
January,03,Tuesday,2025-01-21,15:40:09,5F9E2C14
April,14,Tuesday,2025-04-08,22:43:53,3C41E9F5
February,05,Monday,2025-02-03,21:58:12,76A2D0BE
March,11,Monday,2025-03-17,17:44:36,23FF6AAD
March,12,Monday,2025-03-24,12:56:20,5F9E2C14
January,03,Friday,2025-01-24,22:35:30,3C41E9F5
January,00,Saturday,2025-01-04,14:17:00,B7D8A621
January,02,Friday,2025-01-17,08:17:53,AA6A06B0
March,10,Monday,2025-03-10,22:33:21,76A2D0BE
April,15,Saturday,2025-04-19,21:05:23,12E5B94D
April,14,Thursday,2025-04-10,12:42:27,B7D8A621
January,03,Monday,2025-01-20,09:41:33,AA6A06B0
March,09,Wednesday,2025-03-05,19:58:36,B7D8A621
January,04,Monday,2025-01-27,10:56:08,B7D8A621
February,08,Sunday,2025-02-23,10:21:15,AA6A06B0
March,11,Monday,2025-03-17,18:34:14,76A2D0BE
January,01,Sunday,2025-01-05,08:54:01,23FF6AAD
March,10,Sunday,2025-03-09,17:04:27,B7D8A621
February,06,Tuesday,2025-02-11,11:31:35,AA6A06B0
January,04,Tuesday,2025-01-28,19:30:17,76A2D0BE
March,10,Friday,2025-03-14,10:17:32,AA6A06B0
January,02,Saturday,2025-01-18,15:08:43,23FF6AAD
January,02,Tuesday,2025-01-14,17:46:05,12E5B94D
January,02,Monday,2025-01-13,20:35:28,B7D8A621
April,15,Friday,2025-04-18,13:06:06,5F9E2C14
April,14,Wednesday,2025-04-09,16:51:30,23FF6AAD
February,06,Saturday,2025-02-15,19:36:50,AA6A06B0
April,14,Wednesday,2025-04-09,14:12:01,5F9E2C14
April,15,Monday,2025-04-14,17:49:51,B7D8A621
January,03,Saturday,2025-01-25,22:13:28,B7D8A621
January,03,Thursday,2025-01-23,09:40:48,B7D8A621
March,11,Wednesday,2025-03-19,07:39:05,AA6A06B0
March,12,Saturday,2025-03-29,08:26:26,9F83C475
March,12,Friday,2025-03-28,13:22:13,B7D8A621
February,06,Wednesday,2025-02-12,11:50:26,AA6A06B0
February,07,Thursday,2025-02-20,09:56:22,AA6A06B0
February,05,Friday,2025-02-07,13:33:55,AA6A06B0
March,10,Sunday,2025-03-09,17:04:41,B7D8A621
January,02,Wednesday,2025-01-15,07:04:42,AA6A06B0
January,01,Monday,2025-01-06,19:10:40,5F9E2C14
February,06,Sunday,2025-02-09,06:34:10,3C41E9F5
February,08,Thursday,2025-02-27,20:39:49,3C41E9F5
January,01,Friday,2025-01-10,16:46:34,5F9E2C14
March,11,Wednesday,2025-03-19,19:40:31,76A2D0BE
January,04,Tuesday,2025-01-28,14:19:56,B7D8A621
March,11,Friday,2025-03-21,08:45:45,B7D8A621
April,15,Tuesday,2025-04-15,16:37:43,AA6A06B0
April,13,Saturday,2025-04-05,19:27:38,23FF6AAD
February,07,Friday,2025-02-21,09:36:04,12E5B94D
February,07,Saturday,2025-02-22,22:00:32,B7D8A621
April,14,Tuesday,2025-04-08,12:57:42,12E5B94D
February,06,Tuesday,2025-02-11,11:51:17,12E5B94D
March,12,Monday,2025-03-24,12:56:05,5F9E2C14
April,13,Saturday,2025-04-05,19:27:31,23FF6AAD
February,08,Friday,2025-02-28,10:32:09,AA6A06B0
March,10,Friday,2025-03-14,17:07:47,23FF6AAD
March,10,Sunday,2025-03-09,17:04:32,B7D8A621
January,03,Tuesday,2025-01-21,15:00:39,12E5B94D
February,07,Saturday,2025-02-22,22:00:20,B7D8A621
February,05,Monday,2025-02-03,20:01:46,B7D8A621
February,07,Sunday,2025-02-16,15:57:05,3C41E9F5
February,05,Friday,2025-02-07,13:33:46,AA6A06B0
January,01,Friday,2025-01-10,06:44:21,AA6A06B0
January,03,Wednesday,2025-01-22,13:04:16,12E5B94D
February,07,Wednesday,2025-02-19,09:49:23,3C41E9F5
March,11,Tuesday,2025-03-18,18:23:10,76A2D0BE
February,06,Tuesday,2025-02-11,11:51:23,12E5B94D
February,06,Wednesday,2025-02-12,17:07:31,B7D8A621
March,10,Wednesday,2025-03-12,09:20:20,AA6A06B0
March,11,Monday,2025-03-17,17:44:27,23FF6AAD
February,07,Saturday,2025-02-22,14:47:37,AA6A06B0
February,06,Thursday,2025-02-13,13:03:34,9F83C475
February,06,Monday,2025-02-10,20:18:02,76A2D0BE
January,00,Thursday,2025-01-02,20:38:19,76A2D0BE
January,04,Tuesday,2025-01-28,14:19:44,B7D8A621
January,03,Thursday,2025-01-23,06:32:39,9F83C475
March,12,Saturday,2025-03-29,08:26:43,9F83C475
February,06,Saturday,2025-02-15,19:32:42,76A2D0BE
February,06,Sunday,2025-02-09,11:16:29,5F9E2C14
January,01,Sunday,2025-01-05,10:06:37,B7D8A621
March,12,Monday,2025-03-24,12:56:13,5F9E2C14
April,13,Thursday,2025-04-03,14:24:34,12E5B94D
January,04,Wednesday,2025-01-29,07:27:28,AA6A06B0
February,05,Wednesday,2025-02-05,18:54:23,B7D8A621
March,09,Monday,2025-03-03,17:36:00,B7D8A621
February,06,Wednesday,2025-02-12,17:07:24,B7D8A621
March,11,Friday,2025-03-21,08:45:33,B7D8A621
February,07,Wednesday,2025-02-19,17:42:55,12E5B94D
February,07,Saturday,2025-02-22,22:00:22,B7D8A621
April,15,Tuesday,2025-04-15,18:43:57,76A2D0BE
March,11,Thursday,2025-03-20,21:38:57,5F9E2C14
April,14,Monday,2025-04-07,07:35:04,AA6A06B0
April,14,Tuesday,2025-04-08,15:40:43,B7D8A621
April,15,Wednesday,2025-04-16,13:15:11,B7D8A621
January,03,Saturday,2025-01-25,19:29:40,76A2D0BE
February,06,Sunday,2025-02-09,06:34:03,3C41E9F5
March,11,Friday,2025-03-21,08:02:30,AA6A06B0
January,02,Friday,2025-01-17,12:41:53,5F9E2C14
February,07,Sunday,2025-02-16,15:57:13,3C41E9F5
January,00,Saturday,2025-01-04,14:17:04,B7D8A621
April,14,Saturday,2025-04-12,17:01:44,B7D8A621
January,04,Monday,2025-01-27,06:36:13,AA6A06B0
April,15,Tuesday,2025-04-15,11:19:04,B7D8A621
March,09,Friday,2025-03-07,16:37:05,9F83C475
March,10,Wednesday,2025-03-12,09:20:30,AA6A06B0
April,15,Saturday,2025-04-19,21:05:21,12E5B94D
March,09,Friday,2025-03-07,22:12:01,76A2D0BE
January,00,Wednesday,2025-01-01,11:19:22,B7D8A621
March,10,Monday,2025-03-10,09:10:30,3C41E9F5
March,11,Thursday,2025-03-20,21:38:56,5F9E2C14
January,03,Tuesday,2025-01-21,10:48:07,9F83C475
February,05,Tuesday,2025-02-04,16:46:19,B7D8A621
February,05,Saturday,2025-02-08,16:40:25,5F9E2C14
January,00,Friday,2025-01-03,11:08:35,AA6A06B0
February,05,Thursday,2025-02-06,20:56:19,23FF6AAD
April,15,Wednesday,2025-04-16,09:04:39,AA6A06B0
March,10,Thursday,2025-03-13,21:55:26,5F9E2C14
March,12,Monday,2025-03-24,12:56:30,5F9E2C14
February,06,Wednesday,2025-02-12,14:21:59,5F9E2C14
April,13,Tuesday,2025-04-01,10:59:26,B7D8A621
March,09,Sunday,2025-03-02,13:46:18,B7D8A621
February,06,Sunday,2025-02-09,15:57:35,76A2D0BE
February,08,Sunday,2025-02-23,16:54:49,5F9E2C14
April,14,Tuesday,2025-04-08,12:57:48,12E5B94D
March,12,Tuesday,2025-03-25,22:33:10,76A2D0BE
March,12,Tuesday,2025-03-25,16:26:07,5F9E2C14
February,07,Sunday,2025-02-16,21:59:10,76A2D0BE
January,02,Saturday,2025-01-18,17:25:16,76A2D0BE
February,07,Friday,2025-02-21,10:47:36,3C41E9F5
January,01,Tuesday,2025-01-07,09:43:51,B7D8A621
February,06,Wednesday,2025-02-12,14:06:16,23FF6AAD
April,15,Saturday,2025-04-19,11:15:17,AA6A06B0
February,07,Monday,2025-02-17,10:07:36,76A2D0BE
March,12,Wednesday,2025-03-26,13:45:47,5F9E2C14
March,11,Sunday,2025-03-16,12:15:11,12E5B94D
February,06,Monday,2025-02-10,15:39:48,B7D8A621
April,14,Wednesday,2025-04-09,17:48:29,B7D8A621
January,04,Tuesday,2025-01-28,19:30:47,76A2D0BE
January,02,Sunday,2025-01-12,18:54:51,3C41E9F5
January,03,Wednesday,2025-01-22,16:11:33,9F83C475
March,10,Friday,2025-03-14,14:20:48,5F9E2C14
February,07,Wednesday,2025-02-19,09:49:30,3C41E9F5
April,15,Sunday,2025-04-13,10:04:25,B7D8A621
January,01,Sunday,2025-01-05,08:54:35,5F9E2C14
February,07,Wednesday,2025-02-19,09:49:21,3C41E9F5
January,00,Wednesday,2025-01-01,20:31:57,76A2D0BE
January,00,Friday,2025-01-03,12:29:11,B7D8A621
January,04,Thursday,2025-01-30,22:33:44,76A2D0BE
February,06,Wednesday,2025-02-12,17:07:18,B7D8A621
January,00,Thursday,2025-01-02,17:20:23,3C41E9F5
March,12,Wednesday,2025-03-26,19:16:52,23FF6AAD
March,10,Saturday,2025-03-15,20:54:41,23FF6AAD
January,03,Friday,2025-01-24,11:14:23,9F83C475
March,11,Thursday,2025-03-20,18:10:28,12E5B94D
January,03,Sunday,2025-01-19,17:42:05,23FF6AAD
April,15,Saturday,2025-04-19,11:15:13,23FF6AAD
April,13,Tuesday,2025-04-01,10:59:01,B7D8A621
January,02,Sunday,2025-01-12,17:17:11,76A2D0BE
January,02,Thursday,2025-01-16,22:54:15,9F83C475
April,13,Friday,2025-04-04,09:00:44,B7D8A621
January,02,Thursday,2025-01-16,09:22:53,B7D8A621
April,15,Wednesday,2025-04-16,20:32:51,76A2D0BE
February,07,Saturday,2025-02-22,14:47:36,AA6A06B0
April,15,Friday,2025-04-18,18:28:46,76A2D0BE
March,11,Sunday,2025-03-16,13:35:06,AA6A06B0
March,12,Monday,2025-03-24,12:56:38,5F9E2C14
March,10,Thursday,2025-03-13,21:55:24,5F9E2C14
March,11,Friday,2025-03-21,08:02:31,AA6A06B0
March,10,Monday,2025-03-10,17:52:56,5F9E2C14
January,04,Wednesday,2025-01-29,11:51:27,76A2D0BE
March,09,Tuesday,2025-03-04,14:08:52,5F9E2C14
March,11,Thursday,2025-03-20,21:38:46,5F9E2C14
February,06,Sunday,2025-02-09,11:16:15,5F9E2C14
February,08,Tuesday,2025-02-25,21:53:38,76A2D0BE
April,13,Friday,2025-04-04,09:00:43,B7D8A621
April,15,Saturday,2025-04-19,16:12:45,9F83C475
March,11,Friday,2025-03-21,08:45:37,B7D8A621
April,15,Saturday,2025-04-19,21:05:35,12E5B94D
February,05,Saturday,2025-02-08,10:29:41,AA6A06B0
February,07,Thursday,2025-02-20,09:56:13,AA6A06B0
April,15,Thursday,2025-04-17,10:32:18,B7D8A621
January,02,Saturday,2025-01-18,15:08:40,23FF6AAD
February,07,Wednesday,2025-02-19,13:00:36,AA6A06B0
March,13,Monday,2025-03-31,06:37:19,AA6A06B0
March,09,Tuesday,2025-03-04,06:43:24,AA6A06B0
January,00,Thursday,2025-01-02,20:38:36,76A2D0BE
January,02,Thursday,2025-01-16,13:20:01,3C41E9F5
March,10,Saturday,2025-03-15,20:54:03,23FF6AAD
April,13,Thursday,2025-04-03,10:24:26,AA6A06B0
January,00,Wednesday,2025-01-01,12:54:33,5F9E2C14
April,13,Friday,2025-04-04,09:52:10,9F83C475
January,02,Sunday,2025-01-12,13:11:51,9F83C475
January,00,Saturday,2025-01-04,06:50:51,AA6A06B0
April,14,Thursday,2025-04-10,21:21:30,9F83C475
April,15,Monday,2025-04-14,15:32:54,12E5B94D
March,11,Tuesday,2025-03-18,18:23:22,76A2D0BE
February,05,Wednesday,2025-02-05,18:54:10,B7D8A621
January,03,Friday,2025-01-24,11:32:45,B7D8A621
February,08,Monday,2025-02-24,22:43:41,76A2D0BE
April,14,Friday,2025-04-11,18:21:08,9F83C475
February,06,Friday,2025-02-14,20:39:19,76A2D0BE
March,11,Friday,2025-03-21,08:45:54,B7D8A621
January,04,Monday,2025-01-27,19:16:07,3C41E9F5
April,15,Friday,2025-04-18,18:28:11,76A2D0BE
January,01,Sunday,2025-01-05,10:06:21,B7D8A621
January,03,Friday,2025-01-24,09:33:38,23FF6AAD
January,01,Saturday,2025-01-11,06:53:34,B7D8A621
April,15,Friday,2025-04-18,07:58:42,AA6A06B0
March,11,Saturday,2025-03-22,10:14:26,5F9E2C14
February,06,Friday,2025-02-14,14:30:40,B7D8A621
January,04,Thursday,2025-01-30,09:42:25,AA6A06B0
April,15,Sunday,2025-04-13,10:04:35,B7D8A621
February,06,Thursday,2025-02-13,10:28:40,5F9E2C14
March,13,Monday,2025-03-31,06:37:37,AA6A06B0
March,11,Monday,2025-03-17,18:34:26,76A2D0BE
January,04,Friday,2025-01-31,12:06:55,B7D8A621
March,12,Thursday,2025-03-27,16:50:01,AA6A06B0
January,02,Tuesday,2025-01-14,14:45:34,B7D8A621
April,14,Tuesday,2025-04-08,12:57:50,12E5B94D
April,15,Saturday,2025-04-19,19:07:41,B7D8A621
March,12,Wednesday,2025-03-26,13:14:29,76A2D0BE
January,02,Tuesday,2025-01-14,21:43:59,23FF6AAD
February,06,Sunday,2025-02-09,18:40:34,AA6A06B0
April,15,Tuesday,2025-04-15,18:43:01,76A2D0BE
February,07,Saturday,2025-02-22,22:52:45,76A2D0BE
February,06,Monday,2025-02-10,12:09:56,AA6A06B0
March,13,Monday,2025-03-31,21:05:31,B7D8A621
April,15,Tuesday,2025-04-15,18:43:11,76A2D0BE
January,02,Tuesday,2025-01-14,10:10:11,AA6A06B0
April,15,Sunday,2025-04-13,10:04:39,B7D8A621
January,03,Saturday,2025-01-25,22:13:38,B7D8A621
March,12,Friday,2025-03-28,09:37:37,AA6A06B0
March,12,Tuesday,2025-03-25,08:16:40,AA6A06B0
April,14,Thursday,2025-04-10,06:54:44,AA6A06B0
January,01,Wednesday,2025-01-08,07:34:13,AA6A06B0
January,01,Saturday,2025-01-11,18:39:51,76A2D0BE
February,08,Monday,2025-02-24,22:43:32,76A2D0BE
March,11,Tuesday,2025-03-18,15:26:44,AA6A06B0
March,12,Wednesday,2025-03-26,16:05:58,9F83C475
January,01,Thursday,2025-01-09,13:12:05,5F9E2C14
March,11,Friday,2025-03-21,16:52:26,76A2D0BE
January,02,Thursday,2025-01-16,18:48:06,76A2D0BE
January,02,Saturday,2025-01-18,17:25:15,76A2D0BE
March,10,Tuesday,2025-03-11,22:01:52,AA6A06B0
April,15,Wednesday,2025-04-16,20:30:54,3C41E9F5
January,00,Thursday,2025-01-02,17:44:24,9F83C475
April,13,Tuesday,2025-04-01,07:50:47,5F9E2C14
February,07,Sunday,2025-02-16,08:44:51,B7D8A621
February,06,Wednesday,2025-02-12,17:07:22,B7D8A621
January,02,Monday,2025-01-13,13:18:49,AA6A06B0
March,11,Wednesday,2025-03-19,15:17:41,12E5B94D
January,00,Thursday,2025-01-02,09:48:27,B7D8A621
January,03,Wednesday,2025-01-22,20:07:46,76A2D0BE
April,15,Wednesday,2025-04-16,09:04:52,AA6A06B0
January,03,Saturday,2025-01-25,12:35:20,AA6A06B0
February,06,Thursday,2025-02-13,21:54:21,B7D8A621
April,15,Saturday,2025-04-19,21:05:36,12E5B94D
February,06,Thursday,2025-02-13,21:53:44,3C41E9F5
April,13,Wednesday,2025-04-02,07:32:57,AA6A06B0
February,05,Tuesday,2025-02-04,18:14:34,76A2D0BE
January,02,Monday,2025-01-13,20:35:18,B7D8A621
April,13,Tuesday,2025-04-01,20:11:08,76A2D0BE
March,12,Friday,2025-03-28,13:53:04,76A2D0BE
February,05,Thursday,2025-02-06,12:09:55,AA6A06B0
March,09,Thursday,2025-03-06,21:46:10,76A2D0BE
March,11,Monday,2025-03-17,15:58:49,3C41E9F5
February,05,Wednesday,2025-02-05,22:56:14,23FF6AAD
April,15,Tuesday,2025-04-15,16:37:36,AA6A06B0
March,11,Thursday,2025-03-20,18:10:39,12E5B94D
March,10,Monday,2025-03-10,08:30:37,AA6A06B0
March,10,Thursday,2025-03-13,08:16:29,AA6A06B0
April,15,Tuesday,2025-04-15,16:37:19,AA6A06B0
April,15,Saturday,2025-04-19,21:18:13,76A2D0BE
January,03,Friday,2025-01-24,13:42:24,76A2D0BE
February,07,Wednesday,2025-02-19,13:00:48,AA6A06B0
February,08,Thursday,2025-02-27,11:26:35,9F83C475
February,07,Wednesday,2025-02-19,17:42:06,12E5B94D
March,11,Tuesday,2025-03-18,18:23:11,76A2D0BE
April,13,Friday,2025-04-04,21:44:10,76A2D0BE
February,05,Monday,2025-02-03,15:27:40,5F9E2C14
March,12,Wednesday,2025-03-26,18:30:57,B7D8A621
March,10,Wednesday,2025-03-12,08:47:43,B7D8A621
February,06,Sunday,2025-02-09,06:34:14,3C41E9F5
April,15,Wednesday,2025-04-16,13:15:39,B7D8A621
January,04,Monday,2025-01-27,18:22:20,76A2D0BE
January,02,Saturday,2025-01-18,15:08:44,23FF6AAD
March,10,Thursday,2025-03-13,13:17:09,76A2D0BE
January,01,Saturday,2025-01-11,16:41:52,AA6A06B0
March,11,Saturday,2025-03-22,10:02:53,AA6A06B0
March,12,Wednesday,2025-03-26,16:05:43,9F83C475
March,11,Thursday,2025-03-20,11:01:55,AA6A06B0
April,15,Saturday,2025-04-19,07:12:50,5F9E2C14
April,15,Friday,2025-04-18,13:06:05,5F9E2C14
January,04,Friday,2025-01-31,12:06:04,B7D8A621
January,04,Thursday,2025-01-30,09:01:57,B7D8A621
January,02,Monday,2025-01-13,13:18:58,AA6A06B0
January,02,Tuesday,2025-01-14,10:10:53,AA6A06B0
January,04,Friday,2025-01-31,12:06:01,B7D8A621
January,02,Tuesday,2025-01-14,17:46:18,12E5B94D
March,10,Sunday,2025-03-09,17:04:39,B7D8A621
March,09,Wednesday,2025-03-05,16:04:39,5F9E2C14
February,06,Tuesday,2025-02-11,15:05:01,B7D8A621
February,07,Wednesday,2025-02-19,13:00:42,AA6A06B0
March,11,Friday,2025-03-21,08:02:39,AA6A06B0
January,03,Monday,2025-01-20,09:41:50,AA6A06B0
April,15,Saturday,2025-04-19,16:12:01,9F83C475
March,13,Sunday,2025-03-30,11:30:29,AA6A06B0
March,11,Friday,2025-03-21,21:08:26,12E5B94D
January,01,Sunday,2025-01-05,08:37:58,9F83C475
February,08,Friday,2025-02-28,21:44:18,23FF6AAD
March,11,Thursday,2025-03-20,16:10:09,23FF6AAD
February,08,Sunday,2025-02-23,16:54:56,5F9E2C14
January,02,Friday,2025-01-17,22:07:58,76A2D0BE
April,15,Saturday,2025-04-19,16:12:51,9F83C475
January,03,Sunday,2025-01-19,09:25:36,AA6A06B0
January,03,Monday,2025-01-20,09:41:41,AA6A06B0
January,01,Friday,2025-01-10,16:46:28,5F9E2C14
January,04,Sunday,2025-01-26,08:28:35,B7D8A621
January,03,Monday,2025-01-20,09:41:48,AA6A06B0
January,00,Saturday,2025-01-04,14:17:20,B7D8A621
February,08,Thursday,2025-02-27,15:09:10,AA6A06B0
March,10,Sunday,2025-03-09,17:04:44,B7D8A621
February,08,Friday,2025-02-28,20:05:53,B7D8A621
February,07,Saturday,2025-02-22,12:39:00,9F83C475
March,12,Monday,2025-03-24,22:56:33,9F83C475
January,01,Friday,2025-01-10,07:07:23,9F83C475
March,10,Wednesday,2025-03-12,15:11:27,5F9E2C14
March,11,Saturday,2025-03-22,10:14:36,5F9E2C14
February,07,Friday,2025-02-21,11:56:27,9F83C475
March,12,Monday,2025-03-24,15:01:11,B7D8A621
April,15,Friday,2025-04-18,18:28:02,76A2D0BE
February,05,Saturday,2025-02-08,16:40:28,5F9E2C14
April,13,Tuesday,2025-04-01,10:00:34,3C41E9F5
March,10,Wednesday,2025-03-12,09:20:38,AA6A06B0
January,01,Sunday,2025-01-05,10:06:26,B7D8A621
April,15,Thursday,2025-04-17,09:06:41,9F83C475
March,10,Saturday,2025-03-15,08:52:55,AA6A06B0
April,15,Thursday,2025-04-17,09:06:55,9F83C475
April,15,Friday,2025-04-18,18:09:18,B7D8A621
February,04,Saturday,2025-02-01,22:17:02,76A2D0BE
January,02,Sunday,2025-01-12,08:18:29,AA6A06B0
January,01,Monday,2025-01-06,22:49:38,76A2D0BE
March,10,Sunday,2025-03-09,10:41:28,AA6A06B0
March,11,Friday,2025-03-21,06:48:01,3C41E9F5
April,13,Wednesday,2025-04-02,15:09:00,B7D8A621
March,11,Saturday,2025-03-22,14:48:55,3C41E9F5
January,01,Wednesday,2025-01-08,09:55:12,B7D8A621
January,02,Sunday,2025-01-12,13:11:13,9F83C475
January,00,Thursday,2025-01-02,20:23:37,5F9E2C14
March,13,Monday,2025-03-31,21:05:35,B7D8A621
February,08,Tuesday,2025-02-25,12:46:29,AA6A06B0
March,09,Tuesday,2025-03-04,18:56:37,B7D8A621
January,01,Monday,2025-01-06,18:21:36,23FF6AAD
January,02,Sunday,2025-01-12,22:19:30,12E5B94D
April,13,Tuesday,2025-04-01,10:59:14,B7D8A621
February,05,Saturday,2025-02-08,12:55:52,B7D8A621
February,07,Tuesday,2025-02-18,11:18:03,AA6A06B0
January,00,Saturday,2025-01-04,14:17:53,B7D8A621
April,14,Friday,2025-04-11,07:18:57,AA6A06B0
March,09,Saturday,2025-03-08,09:28:34,AA6A06B0
February,08,Friday,2025-02-28,10:32:06,AA6A06B0
February,05,Tuesday,2025-02-04,16:46:30,B7D8A621
January,01,Saturday,2025-01-11,18:39:47,76A2D0BE
January,00,Thursday,2025-01-02,13:03:25,AA6A06B0
January,03,Monday,2025-01-20,14:22:45,5F9E2C14
January,04,Monday,2025-01-27,19:16:58,3C41E9F5
April,13,Wednesday,2025-04-02,15:09:09,B7D8A621
March,13,Monday,2025-03-31,21:05:27,B7D8A621
March,11,Saturday,2025-03-22,16:12:12,B7D8A621
January,01,Monday,2025-01-06,09:28:20,9F83C475
March,11,Thursday,2025-03-20,21:38:45,5F9E2C14
January,01,Thursday,2025-01-09,07:42:41,AA6A06B0
January,04,Tuesday,2025-01-28,13:16:47,5F9E2C14
February,08,Thursday,2025-02-27,08:15:54,5F9E2C14
March,11,Monday,2025-03-17,18:34:24,76A2D0BE
February,06,Saturday,2025-02-15,19:36:38,AA6A06B0
January,04,Monday,2025-01-27,19:16:16,3C41E9F5
January,04,Sunday,2025-01-26,09:18:53,AA6A06B0
February,07,Thursday,2025-02-20,09:56:32,AA6A06B0
January,04,Tuesday,2025-01-28,19:30:37,76A2D0BE
April,14,Thursday,2025-04-10,11:05:58,3C41E9F5
January,01,Sunday,2025-01-05,08:54:30,5F9E2C14
March,11,Saturday,2025-03-22,10:14:30,5F9E2C14
April,15,Saturday,2025-04-19,11:15:15,AA6A06B0
March,10,Tuesday,2025-03-11,10:52:59,B7D8A621
February,05,Thursday,2025-02-06,20:56:09,23FF6AAD
April,15,Saturday,2025-04-19,11:15:24,AA6A06B0
January,00,Thursday,2025-01-02,17:20:30,3C41E9F5
April,15,Sunday,2025-04-13,14:07:01,9F83C475
April,14,Wednesday,2025-04-09,17:48:38,B7D8A621
March,09,Saturday,2025-03-08,21:41:47,9F83C475
April,15,Tuesday,2025-04-15,16:37:31,AA6A06B0
April,15,Saturday,2025-04-19,11:15:25,AA6A06B0
February,06,Friday,2025-02-14,15:51:25,3C41E9F5
January,02,Monday,2025-01-13,19:33:04,5F9E2C14
March,13,Sunday,2025-03-30,18:01:47,76A2D0BE
March,13,Monday,2025-03-31,21:05:36,B7D8A621
February,08,Monday,2025-02-24,15:23:12,5F9E2C14
January,01,Wednesday,2025-01-08,09:55:08,B7D8A621
January,00,Saturday,2025-01-04,14:17:11,B7D8A621
January,02,Tuesday,2025-01-14,10:10:01,AA6A06B0
February,05,Sunday,2025-02-02,20:58:25,76A2D0BE
April,14,Monday,2025-04-07,11:19:15,B7D8A621
February,06,Monday,2025-02-10,15:39:10,B7D8A621
March,11,Saturday,2025-03-22,10:02:46,AA6A06B0
March,11,Sunday,2025-03-16,21:14:40,76A2D0BE
February,07,Friday,2025-02-21,15:21:25,5F9E2C14
April,15,Saturday,2025-04-19,21:05:32,12E5B94D
January,02,Sunday,2025-01-12,17:17:06,76A2D0BE
January,03,Friday,2025-01-24,09:33:35,23FF6AAD
January,00,Thursday,2025-01-02,20:38:24,76A2D0BE
February,06,Monday,2025-02-10,14:46:21,5F9E2C14
March,10,Saturday,2025-03-15,20:54:01,23FF6AAD
April,15,Thursday,2025-04-17,09:06:53,9F83C475
April,15,Saturday,2025-04-19,17:50:54,3C41E9F5
April,15,Saturday,2025-04-19,11:15:21,23FF6AAD
February,05,Sunday,2025-02-02,12:07:32,AA6A06B0
March,12,Saturday,2025-03-29,17:34:41,12E5B94D
February,08,Sunday,2025-02-23,08:28:36,12E5B94D
February,07,Wednesday,2025-02-19,17:42:03,12E5B94D
February,07,Thursday,2025-02-20,06:12:55,9F83C475
February,07,Saturday,2025-02-22,19:39:41,5F9E2C14
February,06,Sunday,2025-02-09,10:25:09,9F83C475
February,05,Thursday,2025-02-06,20:56:12,23FF6AAD
January,02,Monday,2025-01-13,13:18:40,AA6A06B0
February,06,Monday,2025-02-10,15:39:03,B7D8A621
April,15,Tuesday,2025-04-15,16:37:24,AA6A06B0
February,05,Wednesday,2025-02-05,19:58:27,76A2D0BE
March,08,Saturday,2025-03-01,12:54:44,5F9E2C14
April,13,Friday,2025-04-04,21:44:12,76A2D0BE
April,15,Sunday,2025-04-13,14:07:53,9F83C475
April,15,Friday,2025-04-18,13:06:56,5F9E2C14
January,03,Sunday,2025-01-19,17:42:43,23FF6AAD
April,15,Wednesday,2025-04-16,15:17:31,5F9E2C14
January,03,Thursday,2025-01-23,07:10:33,5F9E2C14
April,15,Saturday,2025-04-19,07:12:54,5F9E2C14
February,05,Friday,2025-02-07,21:38:20,76A2D0BE
April,15,Monday,2025-04-14,14:30:53,9F83C475
January,01,Monday,2025-01-06,15:16:50,B7D8A621
April,14,Friday,2025-04-11,22:10:39,76A2D0BE
April,15,Sunday,2025-04-13,11:31:29,5F9E2C14
April,15,Friday,2025-04-18,13:06:11,5F9E2C14
April,13,Tuesday,2025-04-01,10:59:19,B7D8A621
February,05,Thursday,2025-02-06,20:56:15,23FF6AAD
February,07,Saturday,2025-02-22,22:00:28,B7D8A621
April,15,Sunday,2025-04-13,08:57:37,76A2D0BE
March,11,Friday,2025-03-21,21:08:25,12E5B94D
March,09,Wednesday,2025-03-05,19:58:41,B7D8A621
February,07,Sunday,2025-02-16,15:57:18,3C41E9F5
January,03,Wednesday,2025-01-22,08:33:57,AA6A06B0
March,11,Saturday,2025-03-22,10:02:05,AA6A06B0
January,03,Sunday,2025-01-19,11:13:00,B7D8A621
January,03,Tuesday,2025-01-21,15:40:59,5F9E2C14
April,15,Saturday,2025-04-19,11:15:10,AA6A06B0
February,07,Sunday,2025-02-16,21:59:12,76A2D0BE
February,06,Monday,2025-02-10,16:35:21,9F83C475
February,05,Monday,2025-02-03,15:27:34,5F9E2C14
April,14,Friday,2025-04-11,22:10:59,76A2D0BE
March,12,Wednesday,2025-03-26,13:45:02,5F9E2C14
March,09,Thursday,2025-03-06,13:29:51,9F83C475
February,07,Saturday,2025-02-22,12:39:01,9F83C475
January,01,Friday,2025-01-10,22:02:31,23FF6AAD
April,13,Friday,2025-04-04,08:30:55,AA6A06B0
March,12,Thursday,2025-03-27,15:24:01,5F9E2C14
January,01,Tuesday,2025-01-07,09:43:44,B7D8A621
January,02,Monday,2025-01-13,20:35:24,B7D8A621
April,13,Tuesday,2025-04-01,08:56:43,9F83C475
January,04,Thursday,2025-01-30,09:42:35,AA6A06B0
April,14,Friday,2025-04-11,22:10:31,76A2D0BE
February,07,Monday,2025-02-17,22:18:18,AA6A06B0
February,05,Tuesday,2025-02-04,16:46:22,B7D8A621
February,06,Friday,2025-02-14,14:30:41,B7D8A621
January,02,Monday,2025-01-13,14:06:12,9F83C475
February,07,Friday,2025-02-21,22:43:48,B7D8A621
March,09,Tuesday,2025-03-04,06:43:22,AA6A06B0
March,10,Thursday,2025-03-13,12:59:49,B7D8A621
February,06,Thursday,2025-02-13,14:40:27,76A2D0BE
April,14,Wednesday,2025-04-09,09:20:10,9F83C475
February,06,Thursday,2025-02-13,10:28:30,5F9E2C14
February,08,Sunday,2025-02-23,16:54:36,5F9E2C14
March,09,Sunday,2025-03-02,13:46:22,B7D8A621
January,02,Friday,2025-01-17,22:07:48,76A2D0BE
February,05,Tuesday,2025-02-04,16:46:18,B7D8A621
April,13,Friday,2025-04-04,09:00:42,B7D8A621
January,02,Friday,2025-01-17,15:49:18,B7D8A621
January,02,Sunday,2025-01-12,13:11:59,9F83C475
April,15,Saturday,2025-04-19,07:12:43,5F9E2C14
March,10,Saturday,2025-03-15,20:54:51,23FF6AAD
April,16,Monday,2025-04-21,14:50:28,
April,16,Monday,2025-04-21,14:52:58,AA6A06B0
April,16,Monday,2025-04-21,14:52:59,AA6A06B0
April,16,Monday,2025-04-21,14:53:00,AA6A06B0
April,16,Monday,2025-04-21,14:53:00,AA6A06B0
April,16,Monday,2025-04-21,15:24:58,AA6A06B0
April,16,Monday,2025-04-21,15:25:00,AA6A06B0
April,16,Monday,2025-04-21,15:25:06,23FF6AAD
April,16,Monday,2025-04-21,15:25:07,23FF6AAD
April,16,Monday,2025-04-21,15:25:09,23FF6AAD
April,16,Monday,2025-04-21,15:25:32,AA6A06B0
April,16,Monday,2025-04-21,15:25:38,AA6A06B0
April,16,Monday,2025-04-21,15:25:50,23FF6AAD
April,16,Monday,2025-04-21,15:26:10,
April,16,Monday,2025-04-21,15:29:44,AA6A06B0
April,16,Monday,2025-04-21,15:33:03,AA6A06B0
April,16,Monday,2025-04-21,15:34:25,AA6A06B0
April,16,Monday,2025-04-21,15:34:28,AA6A06B0
April,16,Monday,2025-04-21,15:36:32,
